username,color_code,comments,timestamp
houbaba,Orange,"a tad bit anxious, and the winter in london has not been helpful",2024-11-24 06:57:22.379773
houbaba,Green,good,2024-11-24 07:35:15.149523
h,Red,bad weather,2024-11-25 00:32:59.315583
hou,Yellow,slightly better after having a good meal,2024-11-25 02:08:12.293913
bsx,Yellow,slightly better after having a good meal,2024-11-25 02:08:12.293913
y,Red,bad weather,2024-11-25 00:32:59.315583
z,Yellow,bad weather,2024-11-26 00:32:59.315583
y,Orange,bad weather,2024-11-27 00:32:59.315583
z,Red,bad weather,2024-11-28 00:32:59.315583
y,Yellow,bad weather,2024-11-29 00:32:59.315583
d,Orange,bad weather,2024-11-22 00:32:59.315583
y,Yellow,bad weather,2024-11-23 00:32:59.315583
a,Red,bad weather,2024-11-21 00:32:59.315583
d,Red,bad weather,2024-11-20 00:32:59.315583
bsx,Green,yes,2024-11-28 17:21:04.795219
n,Green,yes,2024-11-28 17:21:04.795219
